filename,width,height,class,xmin,ymin,xmax,ymax
scoreboard0.png,1920,1080,scoreboard,1520,741,1846,986
scoreboard1.png,1920,1080,scoreboard,1525,744,1844,986
scoreboard10.png,1920,1080,scoreboard,1525,745,1844,987
scoreboard100.png,1920,1080,scoreboard,1522,741,1845,990
scoreboard101.png,1920,1080,scoreboard,1523,744,1845,992
scoreboard102.png,1920,1080,scoreboard,1522,741,1844,994
scoreboard103.png,1920,1080,scoreboard,1520,744,1847,990
scoreboard104.png,1920,1080,scoreboard,1523,744,1847,991
scoreboard105.png,1920,1080,scoreboard,1524,744,1843,990
scoreboard106.png,1920,1080,scoreboard,1522,742,1847,991
scoreboard107.png,1920,1080,scoreboard,1522,742,1844,992
scoreboard108.png,1920,1080,scoreboard,1520,741,1844,992
scoreboard109.png,1920,1080,scoreboard,1524,742,1843,991
scoreboard11.png,1920,1080,scoreboard,1524,790,1844,990
scoreboard110.png,1920,1080,scoreboard,1523,744,1844,990
scoreboard111.png,1920,1080,scoreboard,1522,742,1847,990
scoreboard112.png,1920,1080,scoreboard,1524,744,1845,992
scoreboard113.png,1920,1080,scoreboard,1523,744,1847,994
scoreboard114.png,1920,1080,scoreboard,1519,786,1848,990
scoreboard115.png,1920,1080,scoreboard,1522,742,1844,992
scoreboard116.png,1920,1080,scoreboard,1522,742,1844,991
scoreboard117.png,1920,1080,scoreboard,1523,746,1844,990
scoreboard118.png,1920,1080,scoreboard,1520,744,1843,991
scoreboard119.png,1920,1080,scoreboard,1522,744,1845,992
scoreboard12.png,1920,1080,scoreboard,1525,746,1843,990
scoreboard120.png,1920,1080,scoreboard,1524,744,1847,990
scoreboard121.png,1920,1080,scoreboard,1523,745,1844,992
scoreboard122.png,1920,1080,scoreboard,1522,744,1843,991
scoreboard123.png,1920,1080,scoreboard,1519,744,1847,997
scoreboard124.png,1920,1080,scoreboard,1522,742,1847,994
scoreboard125.png,1920,1080,scoreboard,1519,741,1848,992
scoreboard126.png,1920,1080,scoreboard,1523,745,1847,992
scoreboard127.png,1920,1080,scoreboard,1519,744,1844,992
scoreboard128.png,1920,1080,scoreboard,85,50,647,146
scoreboard129.png,1920,1080,scoreboard,85,47,644,147
scoreboard13.png,1920,1080,scoreboard,1525,746,1843,990
scoreboard130.png,1920,1080,scoreboard,88,46,647,151
scoreboard131.png,1920,1080,scoreboard,87,49,644,146
scoreboard132.png,1920,1080,scoreboard,89,49,644,147
scoreboard133.png,1920,1080,scoreboard,89,50,648,144
scoreboard134.png,1920,1080,scoreboard,87,51,645,146
scoreboard135.png,1920,1080,scoreboard,85,51,644,147
scoreboard136.png,1920,1080,scoreboard,85,51,643,146
scoreboard137.png,1920,1080,scoreboard,85,50,645,145
scoreboard138.png,1920,1080,scoreboard,89,51,644,147
scoreboard139.png,1920,1080,scoreboard,89,52,644,145
scoreboard14.png,1920,1080,scoreboard,1525,746,1843,991
scoreboard140.png,1920,1080,scoreboard,1523,745,1845,991
scoreboard141.png,1920,1080,scoreboard,1523,744,1847,992
scoreboard142.png,1920,1080,scoreboard,1522,746,1844,992
scoreboard143.png,1920,1080,scoreboard,1522,742,1847,995
scoreboard144.png,1920,1080,scoreboard,1524,744,1843,992
scoreboard145.png,1920,1080,scoreboard,1523,745,1844,992
scoreboard146.png,1920,1080,scoreboard,1523,745,1844,990
scoreboard147.png,1920,1080,scoreboard,1522,744,1845,992
scoreboard148.png,1920,1080,scoreboard,1523,742,1844,992
scoreboard149.png,1920,1080,scoreboard,1523,744,1845,991
scoreboard15.png,1920,1080,scoreboard,1524,746,1843,989
scoreboard150.png,1920,1080,scoreboard,1522,745,1844,991
scoreboard151.png,1920,1080,scoreboard,1524,739,1848,990
scoreboard152.png,1920,1080,scoreboard,1527,744,1845,989
scoreboard153.png,1920,1080,scoreboard,1527,742,1847,991
scoreboard154.png,1920,1080,scoreboard,1525,744,1845,987
scoreboard155.png,1920,1080,scoreboard,1525,742,1847,992
scoreboard156.png,1920,1080,scoreboard,1525,744,1845,992
scoreboard157.png,1920,1080,scoreboard,1527,744,1845,989
scoreboard158.png,1920,1080,scoreboard,1527,741,1842,990
scoreboard159.png,1920,1080,scoreboard,1524,744,1845,991
scoreboard16.png,1920,1080,scoreboard,1525,747,1843,991
scoreboard160.png,1920,1080,scoreboard,1524,742,1847,990
scoreboard161.png,1920,1080,scoreboard,1527,745,1845,990
scoreboard162.png,1920,1080,scoreboard,1523,787,1843,986
scoreboard163.png,1920,1080,scoreboard,1523,787,1844,990
scoreboard164.png,1920,1080,scoreboard,1523,741,1842,991
scoreboard165.png,1920,1080,scoreboard,1523,741,1842,987
scoreboard166.png,1920,1080,scoreboard,1524,745,1843,989
scoreboard167.png,1920,1080,scoreboard,1524,741,1842,989
scoreboard168.png,1920,1080,scoreboard,1524,742,1844,989
scoreboard169.png,1920,1080,scoreboard,1522,741,1844,989
scoreboard17.png,1920,1080,scoreboard,1524,747,1842,990
scoreboard170.png,1920,1080,scoreboard,1517,741,1845,986
scoreboard171.png,1920,1080,scoreboard,1517,739,1850,987
scoreboard172.png,1920,1080,scoreboard,1523,744,1843,987
scoreboard173.png,1920,1080,scoreboard,1240,912,1797,1037
scoreboard174.png,1920,1080,scoreboard,1243,912,1797,1037
scoreboard175.png,1920,1080,scoreboard,1245,915,1795,1037
scoreboard176.png,1920,1080,scoreboard,1239,912,1794,1037
scoreboard177.png,1920,1080,scoreboard,1244,915,1790,1036
scoreboard178.png,1920,1080,scoreboard,1244,915,1789,1039
scoreboard179.png,1920,1080,scoreboard,1238,912,1790,1041
scoreboard18.png,1920,1080,scoreboard,1525,747,1844,992
scoreboard180.png,1920,1080,scoreboard,1240,915,1790,1039
scoreboard181.png,1920,1080,scoreboard,1243,915,1798,1037
scoreboard182.png,1920,1080,scoreboard,1248,912,1788,1039
scoreboard183.png,1920,1080,scoreboard,1523,744,1845,991
scoreboard184.png,1920,1080,scoreboard,1522,744,1845,992
scoreboard185.png,1920,1080,scoreboard,1523,744,1843,989
scoreboard186.png,1920,1080,scoreboard,1522,747,1844,992
scoreboard187.png,1920,1080,scoreboard,1524,746,1844,991
scoreboard188.png,1920,1080,scoreboard,1524,745,1844,991
scoreboard189.png,1920,1080,scoreboard,1522,745,1844,990
scoreboard19.png,1920,1080,scoreboard,1524,745,1844,989
scoreboard190.png,1920,1080,scoreboard,1523,789,1844,991
scoreboard191.png,1920,1080,scoreboard,1522,787,1847,990
scoreboard192.png,1920,1080,scoreboard,1523,744,1845,991
scoreboard193.png,1920,1080,scoreboard,1520,745,1843,991
scoreboard194.png,1920,1080,scoreboard,1519,742,1843,989
scoreboard195.png,1920,1080,scoreboard,1520,742,1840,985
scoreboard196.png,1920,1080,scoreboard,1522,741,1843,989
scoreboard197.png,1920,1080,scoreboard,1520,744,1842,990
scoreboard198.png,1920,1080,scoreboard,1520,741,1843,991
scoreboard199.png,1920,1080,scoreboard,1522,746,1840,990
scoreboard2.png,1920,1080,scoreboard,1524,789,1842,989
scoreboard20.png,1920,1080,scoreboard,1524,744,1844,990
scoreboard200.png,1920,1080,scoreboard,1522,744,1843,989
scoreboard201.png,1920,1080,scoreboard,1520,742,1842,990
scoreboard202.png,1920,1080,scoreboard,1520,745,1845,990
scoreboard203.png,1920,1080,scoreboard,1519,740,1844,991
scoreboard204.png,1920,1080,scoreboard,1520,746,1845,994
scoreboard205.png,1920,1080,scoreboard,1520,739,1845,994
scoreboard206.png,1920,1080,scoreboard,1520,790,1845,992
scoreboard207.png,1920,1080,scoreboard,1522,744,1847,992
scoreboard208.png,1920,1080,scoreboard,1522,745,1845,995
scoreboard209.png,1920,1080,scoreboard,1523,790,1844,992
scoreboard21.png,1920,1080,scoreboard,1524,745,1844,990
scoreboard210.png,1920,1080,scoreboard,1522,745,1847,990
scoreboard211.png,1920,1080,scoreboard,1524,746,1844,994
scoreboard212.png,1920,1080,scoreboard,1523,747,1843,991
scoreboard213.png,1920,1080,scoreboard,1523,745,1844,992
scoreboard214.png,1920,1080,scoreboard,1523,745,1843,986
scoreboard215.png,1920,1080,scoreboard,1523,745,1844,989
scoreboard216.png,1920,1080,scoreboard,1523,742,1845,991
scoreboard217.png,1920,1080,scoreboard,1522,745,1844,990
scoreboard218.png,1920,1080,scoreboard,1520,740,1845,990
scoreboard219.png,1920,1080,scoreboard,1523,744,1844,990
scoreboard22.png,1920,1080,scoreboard,1525,744,1844,989
scoreboard220.png,1920,1080,scoreboard,1523,744,1845,989
scoreboard221.png,1920,1080,scoreboard,1523,744,1843,991
scoreboard222.png,1920,1080,scoreboard,1522,744,1844,990
scoreboard223.png,1920,1080,scoreboard,1519,740,1844,987
scoreboard224.png,1920,1080,scoreboard,1523,744,1844,986
scoreboard225.png,1920,1080,scoreboard,1522,744,1844,989
scoreboard226.png,1920,1080,scoreboard,1523,742,1843,989
scoreboard227.png,1920,1080,scoreboard,1523,741,1844,990
scoreboard228.png,1920,1080,scoreboard,1523,742,1844,989
scoreboard229.png,1920,1080,scoreboard,1523,741,1844,990
scoreboard23.png,1920,1080,scoreboard,1524,746,1843,990
scoreboard230.png,1920,1080,scoreboard,1523,741,1843,987
scoreboard231.png,1920,1080,scoreboard,1522,745,1844,987
scoreboard232.png,1920,1080,scoreboard,1525,742,1844,987
scoreboard233.png,1920,1080,scoreboard,1522,742,1845,987
scoreboard234.png,1920,1080,scoreboard,1525,742,1844,986
scoreboard235.png,1920,1080,scoreboard,1523,742,1844,986
scoreboard236.png,1920,1080,scoreboard,1524,741,1844,990
scoreboard237.png,1920,1080,scoreboard,1524,744,1849,989
scoreboard238.png,1920,1080,scoreboard,1520,742,1847,992
scoreboard239.png,1920,1080,scoreboard,1522,786,1845,990
scoreboard24.png,1920,1080,scoreboard,1523,744,1844,991
scoreboard240.png,1920,1080,scoreboard,1523,745,1845,991
scoreboard241.png,1920,1080,scoreboard,1522,744,1844,989
scoreboard242.png,1920,1080,scoreboard,1523,744,1845,989
scoreboard243.png,1920,1080,scoreboard,1522,744,1844,986
scoreboard244.png,1920,1080,scoreboard,1523,746,1845,990
scoreboard245.png,1920,1080,scoreboard,1522,744,1847,992
scoreboard246.png,1920,1080,scoreboard,1524,745,1844,991
scoreboard247.png,1920,1080,scoreboard,1523,787,1843,990
scoreboard248.png,1920,1080,scoreboard,1522,741,1843,986
scoreboard249.png,1920,1080,scoreboard,1522,742,1842,986
scoreboard25.png,1920,1080,scoreboard,1523,742,1845,991
scoreboard250.png,1920,1080,scoreboard,1520,787,1834,981
scoreboard251.png,1920,1080,scoreboard,1523,744,1843,986
scoreboard252.png,1920,1080,scoreboard,1522,742,1843,989
scoreboard253.png,1920,1080,scoreboard,1519,741,1845,990
scoreboard254.png,1920,1080,scoreboard,1520,741,1844,990
scoreboard255.png,1920,1080,scoreboard,1519,742,1847,989
scoreboard256.png,1920,1080,scoreboard,1520,734,1844,990
scoreboard257.png,1920,1080,scoreboard,1520,741,1848,989
scoreboard258.png,1920,1080,scoreboard,1523,742,1845,990
scoreboard259.png,1920,1080,scoreboard,1523,742,1847,991
scoreboard26.png,1920,1080,scoreboard,1524,745,1845,987
scoreboard260.png,1920,1080,scoreboard,1521,743,1845,989
scoreboard261.png,1920,1080,scoreboard,1523,743,1845,990
scoreboard262.png,1920,1080,scoreboard,1523,745,1844,990
scoreboard263.png,1920,1080,scoreboard,1524,745,1845,991
scoreboard264.png,1920,1080,scoreboard,1523,743,1845,990
scoreboard265.png,1920,1080,scoreboard,1523,743,1844,991
scoreboard266.png,1920,1080,scoreboard,1524,743,1844,990
scoreboard267.png,1920,1080,scoreboard,1523,743,1845,988
scoreboard268.png,1920,1080,scoreboard,1253,915,1790,1034
scoreboard269.png,1920,1080,scoreboard,1253,914,1788,1038
scoreboard27.png,1920,1080,scoreboard,1522,742,1845,991
scoreboard270.png,1920,1080,scoreboard,1254,915,1785,1037
scoreboard271.png,1920,1080,scoreboard,1256,913,1787,1034
scoreboard272.png,1920,1080,scoreboard,1253,912,1790,1034
scoreboard273.png,1920,1080,scoreboard,1247,914,1787,1032
scoreboard274.png,1920,1080,scoreboard,1250,917,1786,1037
scoreboard275.png,1920,1080,scoreboard,1253,914,1790,1033
scoreboard276.png,1920,1080,scoreboard,1250,918,1787,1034
scoreboard277.png,1920,1080,scoreboard,1250,915,1786,1037
scoreboard278.png,1920,1080,scoreboard,1252,915,1791,1034
scoreboard279.png,1920,1080,scoreboard,1248,918,1790,1036
scoreboard28.png,1920,1080,scoreboard,1522,744,1844,992
scoreboard280.png,2880,1800,scoreboard,561,217,1431,358
scoreboard281.png,2880,1800,scoreboard,563,211,1425,353
scoreboard282.png,2880,1800,scoreboard,559,215,1427,356
scoreboard283.png,2880,1800,scoreboard,565,213,1425,362
scoreboard284.png,2880,1800,scoreboard,559,215,1431,356
scoreboard285.png,2880,1800,scoreboard,559,215,1429,356
scoreboard286.png,2880,1800,scoreboard,563,219,1431,358
scoreboard287.png,2880,1800,scoreboard,561,215,1425,353
scoreboard288.png,2880,1800,scoreboard,565,219,1427,360
scoreboard289.png,2880,1800,scoreboard,561,219,1425,353
scoreboard29.png,1920,1080,scoreboard,1524,790,1845,992
scoreboard290.png,2880,1800,scoreboard,187,183,687,368
scoreboard291.png,2880,1800,scoreboard,189,187,684,366
scoreboard292.png,2880,1800,scoreboard,186,187,682,370
scoreboard293.png,2880,1800,scoreboard,178,187,691,370
scoreboard294.png,2880,1800,scoreboard,167,189,689,375
scoreboard295.png,2880,1800,scoreboard,182,187,684,366
scoreboard296.png,2880,1800,scoreboard,172,187,695,373
scoreboard297.png,2880,1800,scoreboard,170,190,693,377
scoreboard298.png,2880,1800,scoreboard,182,183,689,372
scoreboard299.png,2880,1800,scoreboard,180,185,689,372
scoreboard3.png,1920,1080,scoreboard,1524,741,1844,985
scoreboard30.png,1920,1080,scoreboard,1523,742,1845,987
scoreboard300.png,2880,1800,scoreboard,197,162,708,345
scoreboard301.png,2880,1800,scoreboard,195,168,704,347
scoreboard302.png,2880,1800,scoreboard,201,166,708,351
scoreboard303.png,2880,1800,scoreboard,197,168,712,349
scoreboard304.png,2880,1800,scoreboard,201,168,710,343
scoreboard305.png,2880,1800,scoreboard,187,162,716,347
scoreboard306.png,2880,1800,scoreboard,199,160,704,351
scoreboard307.png,2880,1800,scoreboard,184,164,710,347
scoreboard308.png,2880,1800,scoreboard,189,160,710,349
scoreboard309.png,2880,1800,scoreboard,195,162,706,347
scoreboard31.png,1920,1080,scoreboard,1523,741,1845,990
scoreboard310.png,2880,1800,scoreboard,187,162,710,338
scoreboard311.png,2880,1800,scoreboard,203,164,708,349
scoreboard312.png,2880,1800,scoreboard,203,160,710,349
scoreboard313.png,2880,1800,scoreboard,469,198,1218,377
scoreboard314.png,2880,1800,scoreboard,201,160,703,345
scoreboard315.png,2880,1800,scoreboard,206,158,703,356
scoreboard316.png,2880,1800,scoreboard,199,160,710,353
scoreboard317.png,2880,1800,scoreboard,197,168,710,353
scoreboard318.png,2880,1800,scoreboard,201,164,704,345
scoreboard319.png,2880,1800,scoreboard,199,166,710,349
scoreboard32.png,1920,1080,scoreboard,1522,786,1847,991
scoreboard320.png,2880,1800,scoreboard,199,164,710,347
scoreboard321.png,2880,1800,scoreboard,212,164,706,339
scoreboard322.png,2880,1800,scoreboard,203,164,703,351
scoreboard323.png,2880,1800,scoreboard,199,164,704,345
scoreboard324.png,2880,1800,scoreboard,199,162,706,345
scoreboard325.png,2880,1800,scoreboard,206,160,704,347
scoreboard326.png,2880,1800,scoreboard,204,162,708,349
scoreboard327.png,2880,1800,scoreboard,199,160,708,347
scoreboard328.png,2880,1800,scoreboard,195,158,714,353
scoreboard329.png,2880,1800,scoreboard,199,160,710,353
scoreboard33.png,1920,1080,scoreboard,1522,787,1844,989
scoreboard330.png,2880,1800,scoreboard,206,160,710,351
scoreboard331.png,2880,1800,scoreboard,201,158,710,351
scoreboard332.png,2880,1800,scoreboard,197,156,710,355
scoreboard333.png,2880,1800,scoreboard,201,164,708,356
scoreboard334.png,2880,1800,scoreboard,210,166,706,341
scoreboard335.png,2880,1800,scoreboard,204,162,710,351
scoreboard336.png,2880,1800,scoreboard,203,164,706,353
scoreboard337.png,2880,1800,scoreboard,203,170,710,343
scoreboard338.png,2880,1800,scoreboard,199,168,708,349
scoreboard339.png,2880,1800,scoreboard,208,170,704,347
scoreboard34.png,1920,1080,scoreboard,1523,742,1844,991
scoreboard340.png,2880,1800,scoreboard,204,162,704,349
scoreboard341.png,2880,1800,scoreboard,203,166,710,355
scoreboard342.png,2880,1800,scoreboard,195,160,712,362
scoreboard343.png,2880,1800,scoreboard,201,160,712,347
scoreboard344.png,2880,1800,scoreboard,208,164,712,356
scoreboard345.png,2880,1800,scoreboard,206,166,703,353
scoreboard346.png,2880,1800,scoreboard,208,164,704,347
scoreboard347.png,2880,1800,scoreboard,212,166,704,347
scoreboard348.png,2880,1800,scoreboard,204,162,704,347
scoreboard349.png,2880,1800,scoreboard,210,170,706,349
scoreboard35.png,1920,1080,scoreboard,1524,745,1845,990
scoreboard350.png,2880,1800,scoreboard,206,166,708,355
scoreboard351.png,2880,1800,scoreboard,199,164,708,349
scoreboard352.png,2880,1800,scoreboard,210,168,708,339
scoreboard353.png,2880,1800,scoreboard,206,164,708,345
scoreboard354.png,2880,1800,scoreboard,208,166,704,341
scoreboard355.png,2880,1800,scoreboard,204,170,704,347
scoreboard356.png,2880,1800,scoreboard,206,168,708,343
scoreboard357.png,2880,1800,scoreboard,203,162,703,349
scoreboard358.png,2880,1800,scoreboard,208,164,703,353
scoreboard359.png,2880,1800,scoreboard,206,164,710,349
scoreboard36.png,1920,1080,scoreboard,1522,742,1844,991
scoreboard360.png,2880,1800,scoreboard,206,162,704,341
scoreboard361.png,2880,1800,scoreboard,203,164,708,347
scoreboard362.png,2880,1800,scoreboard,199,168,704,351
scoreboard363.png,2880,1800,scoreboard,195,158,706,339
scoreboard364.png,2880,1800,scoreboard,201,164,706,343
scoreboard365.png,2880,1800,scoreboard,203,162,706,338
scoreboard366.png,2880,1800,scoreboard,210,172,708,347
scoreboard367.png,2880,1800,scoreboard,203,164,703,351
scoreboard368.png,2880,1800,scoreboard,201,164,706,345
scoreboard369.png,2880,1800,scoreboard,197,164,704,347
scoreboard37.png,1920,1080,scoreboard,1523,744,1844,987
scoreboard370.png,2880,1800,scoreboard,208,160,718,347
scoreboard371.png,2880,1800,scoreboard,197,155,712,347
scoreboard372.png,2880,1800,scoreboard,208,162,706,345
scoreboard373.png,2880,1800,scoreboard,199,160,710,343
scoreboard374.png,2880,1800,scoreboard,212,166,710,341
scoreboard375.png,2880,1800,scoreboard,206,166,708,345
scoreboard376.png,2880,1800,scoreboard,206,170,701,339
scoreboard377.png,2880,1800,scoreboard,214,164,704,334
scoreboard378.png,2880,1800,scoreboard,210,166,706,343
scoreboard379.png,2880,1800,scoreboard,203,160,704,345
scoreboard38.png,1920,1080,scoreboard,1523,741,1845,987
scoreboard380.png,2880,1800,scoreboard,203,166,706,349
scoreboard381.png,2880,1800,scoreboard,193,170,706,351
scoreboard382.png,2880,1800,scoreboard,199,160,706,347
scoreboard383.png,2880,1800,scoreboard,197,162,706,353
scoreboard384.png,2880,1800,scoreboard,206,166,708,345
scoreboard385.png,2880,1800,scoreboard,206,160,710,336
scoreboard386.png,2880,1800,scoreboard,208,162,706,349
scoreboard387.png,2880,1800,scoreboard,201,158,720,347
scoreboard388.png,2880,1800,scoreboard,201,164,718,353
scoreboard389.png,2880,1800,scoreboard,208,166,703,360
scoreboard39.png,1920,1080,scoreboard,1524,744,1844,995
scoreboard390.png,2880,1800,scoreboard,199,164,704,351
scoreboard391.png,2880,1800,scoreboard,206,160,703,345
scoreboard392.png,2880,1800,scoreboard,204,158,706,345
scoreboard393.png,2880,1800,scoreboard,204,160,710,336
scoreboard394.png,2880,1800,scoreboard,204,160,710,343
scoreboard395.png,2880,1800,scoreboard,206,164,704,347
scoreboard396.png,2880,1800,scoreboard,197,156,716,341
scoreboard397.png,2880,1800,scoreboard,410,168,1255,370
scoreboard398.png,2880,1800,scoreboard,410,164,1246,368
scoreboard399.png,2880,1800,scoreboard,412,168,1255,368
scoreboard4.png,1920,1080,scoreboard,1522,744,1844,987
scoreboard40.png,1920,1080,scoreboard,1524,790,1844,991
scoreboard400.png,2880,1800,scoreboard,414,166,1259,358
scoreboard401.png,2880,1800,scoreboard,412,164,1250,366
scoreboard402.png,2880,1800,scoreboard,409,166,1256,372
scoreboard403.png,2880,1800,scoreboard,412,166,1253,366
scoreboard404.png,2880,1800,scoreboard,412,164,1248,364
scoreboard405.png,2880,1800,scoreboard,406,164,1248,361
scoreboard406.png,2880,1800,scoreboard,409,161,1248,369
scoreboard407.png,2880,1800,scoreboard,409,161,1253,366
scoreboard408.png,2880,1800,scoreboard,423,158,1253,355
scoreboard409.png,2880,1800,scoreboard,417,155,1262,364
scoreboard41.png,1920,1080,scoreboard,1524,787,1845,995
scoreboard410.png,2880,1800,scoreboard,417,155,1259,358
scoreboard411.png,2880,1800,scoreboard,420,161,1259,355
scoreboard412.png,2880,1800,scoreboard,420,161,1253,355
scoreboard413.png,2880,1800,scoreboard,423,164,1259,358
scoreboard414.png,2880,1800,scoreboard,420,158,1256,355
scoreboard415.png,2880,1800,scoreboard,423,158,1253,358
scoreboard416.png,2880,1800,scoreboard,420,161,1256,361
scoreboard417.png,2880,1800,scoreboard,420,161,1256,358
scoreboard418.png,2880,1800,scoreboard,420,164,1253,350
scoreboard419.png,2880,1800,scoreboard,217,189,1362,297
scoreboard42.png,1920,1080,scoreboard,1523,744,1844,991
scoreboard420.png,2880,1800,scoreboard,228,186,1362,300
scoreboard421.png,2880,1800,scoreboard,225,183,1356,297
scoreboard422.png,2880,1800,scoreboard,231,189,1356,294
scoreboard423.png,2880,1800,scoreboard,231,183,1356,291
scoreboard424.png,2880,1800,scoreboard,225,189,1367,289
scoreboard425.png,2880,1800,scoreboard,223,191,1364,291
scoreboard426.png,2880,1800,scoreboard,228,189,1375,294
scoreboard427.png,2880,1800,scoreboard,228,186,1362,294
scoreboard428.png,2880,1800,scoreboard,220,189,1364,294
scoreboard429.png,2880,1800,scoreboard,212,189,709,375
scoreboard43.png,1920,1080,scoreboard,1524,742,1843,992
scoreboard430.png,2880,1800,scoreboard,203,189,706,375
scoreboard431.png,2880,1800,scoreboard,206,180,706,380
scoreboard432.png,2880,1800,scoreboard,198,186,700,377
scoreboard433.png,2880,1800,scoreboard,200,183,703,375
scoreboard434.png,2880,1800,scoreboard,206,191,709,377
scoreboard435.png,2880,1800,scoreboard,206,191,700,369
scoreboard436.png,2880,1800,scoreboard,198,186,712,375
scoreboard437.png,2880,1800,scoreboard,198,197,859,375
scoreboard438.png,2880,1800,scoreboard,198,180,714,383
scoreboard439.png,2880,1800,scoreboard,192,189,709,383
scoreboard44.png,1920,1080,scoreboard,1523,742,1845,992
scoreboard440.png,2880,1800,scoreboard,2084,1277,2687,1544
scoreboard441.png,2880,1800,scoreboard,2087,1280,2687,1544
scoreboard442.png,2880,1800,scoreboard,2067,1275,2684,1544
scoreboard443.png,2880,1800,scoreboard,2081,1275,2689,1544
scoreboard444.png,2880,1800,scoreboard,2075,1272,2689,1544
scoreboard445.png,2880,1800,scoreboard,2078,1277,2684,1547
scoreboard446.png,2880,1800,scoreboard,2078,1280,2684,1547
scoreboard447.png,2880,1800,scoreboard,2081,1277,2687,1541
scoreboard448.png,2880,1800,scoreboard,2086,1285,2682,1541
scoreboard449.png,2880,1800,scoreboard,2082,1283,2682,1539
scoreboard45.png,1920,1080,scoreboard,1524,744,1844,992
scoreboard450.png,2880,1800,scoreboard,2080,1281,2680,1541
scoreboard451.png,2880,1800,scoreboard,210,196,701,379
scoreboard452.png,2880,1800,scoreboard,203,194,712,377
scoreboard453.png,2880,1800,scoreboard,208,192,708,372
scoreboard454.png,2880,1800,scoreboard,201,190,705,377
scoreboard455.png,2880,1800,scoreboard,203,194,718,373
scoreboard456.png,2880,1800,scoreboard,205,192,708,375
scoreboard457.png,2880,1800,scoreboard,208,196,712,370
scoreboard458.png,2880,1800,scoreboard,207,192,708,372
scoreboard459.png,2880,1800,scoreboard,208,196,710,373
scoreboard46.png,1920,1080,scoreboard,1522,745,1845,991
scoreboard460.png,2880,1800,scoreboard,195,190,707,370
scoreboard461.png,2880,1800,scoreboard,203,162,708,347
scoreboard462.png,2880,1800,scoreboard,210,164,707,347
scoreboard463.png,2880,1800,scoreboard,203,164,731,353
scoreboard464.png,2880,1800,scoreboard,205,164,708,345
scoreboard465.png,2880,1800,scoreboard,197,160,716,343
scoreboard466.png,2880,1800,scoreboard,205,166,705,343
scoreboard467.png,2880,1800,scoreboard,201,168,705,341
scoreboard468.png,2880,1800,scoreboard,205,170,705,347
scoreboard469.png,2880,1800,scoreboard,205,168,708,345
scoreboard47.png,1920,1080,scoreboard,1523,745,1844,990
scoreboard470.png,2880,1800,scoreboard,207,166,705,345
scoreboard471.png,2880,1800,scoreboard,208,168,710,347
scoreboard472.png,2880,1800,scoreboard,188,185,688,366
scoreboard473.png,2880,1800,scoreboard,186,187,684,360
scoreboard474.png,2880,1800,scoreboard,186,185,684,370
scoreboard475.png,2880,1800,scoreboard,184,183,686,366
scoreboard476.png,2880,1800,scoreboard,184,185,686,366
scoreboard477.png,2880,1800,scoreboard,186,187,680,372
scoreboard478.png,2880,1800,scoreboard,188,183,684,362
scoreboard479.png,2880,1800,scoreboard,184,189,684,366
scoreboard48.png,1920,1080,scoreboard,1524,745,1844,992
scoreboard480.png,2880,1800,scoreboard,190,189,684,372
scoreboard481.png,2880,1800,scoreboard,180,181,680,370
scoreboard482.png,2880,1800,scoreboard,178,183,686,368
scoreboard483.png,2880,1800,scoreboard,205,166,707,347
scoreboard484.png,2880,1800,scoreboard,207,166,701,341
scoreboard485.png,2880,1800,scoreboard,205,166,707,341
scoreboard486.png,2880,1800,scoreboard,207,166,707,343
scoreboard487.png,2880,1800,scoreboard,201,166,714,347
scoreboard488.png,2880,1800,scoreboard,203,158,705,345
scoreboard489.png,2880,1800,scoreboard,208,164,707,349
scoreboard49.png,1920,1080,scoreboard,1522,742,1844,991
scoreboard490.png,2880,1800,scoreboard,203,160,707,347
scoreboard491.png,2880,1800,scoreboard,205,166,710,345
scoreboard492.png,2880,1800,scoreboard,205,164,708,343
scoreboard493.png,2880,1800,scoreboard,205,162,703,355
scoreboard494.png,2880,1800,scoreboard,205,164,705,349
scoreboard495.png,2880,1800,scoreboard,199,162,712,343
scoreboard496.png,2880,1800,scoreboard,205,164,708,347
scoreboard497.png,2880,1800,scoreboard,197,162,708,345
scoreboard498.png,2880,1800,scoreboard,201,164,710,349
scoreboard499.png,2880,1800,scoreboard,203,166,708,343
scoreboard5.png,1920,1080,scoreboard,1524,785,1848,989
scoreboard50.png,1920,1080,scoreboard,1523,744,1844,987
scoreboard500.png,2880,1800,scoreboard,210,166,701,349
scoreboard501.png,2880,1800,scoreboard,201,160,714,345
scoreboard502.png,2880,1800,scoreboard,203,160,707,345
scoreboard503.png,2880,1800,scoreboard,208,158,703,349
scoreboard504.png,2880,1800,scoreboard,203,164,710,351
scoreboard505.png,2880,1800,scoreboard,207,162,712,349
scoreboard506.png,2880,1800,scoreboard,203,164,712,343
scoreboard507.png,2880,1800,scoreboard,203,162,710,353
scoreboard508.png,2880,1800,scoreboard,203,164,710,345
scoreboard509.png,2880,1800,scoreboard,205,166,707,347
scoreboard51.png,1920,1080,scoreboard,1523,744,1844,990
scoreboard510.png,2880,1800,scoreboard,205,162,708,351
scoreboard511.png,2880,1800,scoreboard,203,162,708,347
scoreboard512.png,2880,1800,scoreboard,205,162,710,349
scoreboard513.png,2880,1800,scoreboard,207,160,712,347
scoreboard514.png,2880,1800,scoreboard,212,166,705,347
scoreboard515.png,2880,1800,scoreboard,205,162,705,347
scoreboard516.png,2880,1800,scoreboard,208,164,708,345
scoreboard517.png,2880,1800,scoreboard,205,164,712,343
scoreboard518.png,2880,1800,scoreboard,207,162,714,351
scoreboard519.png,2880,1800,scoreboard,205,162,701,345
scoreboard52.png,1920,1080,scoreboard,1523,744,1845,987
scoreboard520.png,2880,1800,scoreboard,205,160,707,349
scoreboard521.png,2880,1800,scoreboard,216,164,705,347
scoreboard522.png,2880,1800,scoreboard,214,168,705,347
scoreboard523.png,2880,1800,scoreboard,205,170,705,349
scoreboard524.png,2880,1800,scoreboard,197,153,716,355
scoreboard525.png,2880,1800,scoreboard,203,162,710,347
scoreboard526.png,2880,1800,scoreboard,197,160,716,349
scoreboard527.png,2880,1800,scoreboard,197,164,705,347
scoreboard528.png,2880,1800,scoreboard,201,164,708,347
scoreboard529.png,2880,1800,scoreboard,201,158,707,347
scoreboard53.png,1920,1080,scoreboard,1519,742,1847,990
scoreboard530.png,2880,1800,scoreboard,197,158,708,347
scoreboard531.png,2880,1800,scoreboard,195,160,708,345
scoreboard532.png,2880,1800,scoreboard,197,166,712,343
scoreboard533.png,2880,1800,scoreboard,205,164,708,347
scoreboard534.png,2880,1800,scoreboard,201,168,710,343
scoreboard535.png,2880,1800,scoreboard,199,162,708,345
scoreboard536.png,2880,1800,scoreboard,201,162,710,345
scoreboard537.png,2880,1800,scoreboard,207,162,703,341
scoreboard538.png,2880,1800,scoreboard,203,162,707,343
scoreboard539.png,2880,1800,scoreboard,205,162,707,343
scoreboard54.png,1920,1080,scoreboard,1519,741,1849,991
scoreboard540.png,2880,1800,scoreboard,203,160,714,349
scoreboard541.png,2880,1800,scoreboard,203,162,708,343
scoreboard542.png,2880,1800,scoreboard,203,162,710,351
scoreboard543.png,2880,1800,scoreboard,203,162,708,349
scoreboard544.png,2880,1800,scoreboard,208,164,701,339
scoreboard545.png,2880,1800,scoreboard,207,160,703,349
scoreboard546.png,2880,1800,scoreboard,199,153,710,353
scoreboard547.png,2880,1800,scoreboard,142,1239,597,1549
scoreboard548.png,2880,1800,scoreboard,142,1238,597,1536
scoreboard549.png,2880,1800,scoreboard,140,1234,601,1541
scoreboard55.png,1920,1080,scoreboard,1519,740,1848,989
scoreboard550.png,2880,1800,scoreboard,146,1236,593,1543
scoreboard551.png,2880,1800,scoreboard,146,1073,593,1539
scoreboard552.png,2880,1800,scoreboard,139,1238,599,1547
scoreboard553.png,2880,1800,scoreboard,142,1236,599,1549
scoreboard554.png,2880,1800,scoreboard,142,1236,599,1547
scoreboard555.png,2880,1800,scoreboard,140,1238,599,1543
scoreboard556.png,2880,1800,scoreboard,140,1236,595,1549
scoreboard557.png,2880,1800,scoreboard,146,1236,601,1539
scoreboard558.png,2880,1800,scoreboard,201,162,705,345
scoreboard559.png,2880,1800,scoreboard,201,162,710,345
scoreboard56.png,1920,1080,scoreboard,1523,742,1845,990
scoreboard560.png,2880,1800,scoreboard,207,164,705,347
scoreboard561.png,2880,1800,scoreboard,207,164,708,347
scoreboard562.png,2880,1800,scoreboard,208,166,703,347
scoreboard563.png,2880,1800,scoreboard,208,164,707,347
scoreboard564.png,2880,1800,scoreboard,201,164,712,347
scoreboard565.png,2880,1800,scoreboard,207,162,707,347
scoreboard566.png,2880,1800,scoreboard,205,160,707,345
scoreboard567.png,2880,1800,scoreboard,205,164,705,345
scoreboard568.png,2880,1800,scoreboard,210,168,707,347
scoreboard569.png,2880,1800,scoreboard,210,166,705,347
scoreboard57.png,1920,1080,scoreboard,1522,742,1844,989
scoreboard570.png,2880,1800,scoreboard,207,166,708,341
scoreboard571.png,2880,1800,scoreboard,205,166,707,356
scoreboard572.png,2880,1800,scoreboard,205,170,708,349
scoreboard573.png,2880,1800,scoreboard,207,166,701,347
scoreboard574.png,2880,1800,scoreboard,203,166,707,341
scoreboard575.png,2880,1800,scoreboard,203,160,705,343
scoreboard576.png,2880,1800,scoreboard,205,160,708,338
scoreboard577.png,2880,1800,scoreboard,203,166,708,347
scoreboard578.png,2880,1800,scoreboard,201,162,707,349
scoreboard579.png,2880,1800,scoreboard,199,164,707,349
scoreboard58.png,1920,1080,scoreboard,1523,741,1843,987
scoreboard580.png,2880,1800,scoreboard,201,162,710,347
scoreboard581.png,2880,1800,scoreboard,199,158,720,353
scoreboard582.png,2880,1800,scoreboard,205,164,705,349
scoreboard583.png,2880,1800,scoreboard,207,164,705,345
scoreboard584.png,2880,1800,scoreboard,203,158,705,345
scoreboard585.png,2880,1800,scoreboard,205,162,707,345
scoreboard586.png,2880,1800,scoreboard,207,162,703,347
scoreboard587.png,2880,1800,scoreboard,205,164,701,347
scoreboard588.png,2880,1800,scoreboard,203,160,708,349
scoreboard589.png,2880,1800,scoreboard,210,166,701,345
scoreboard59.png,1920,1080,scoreboard,1523,745,1844,986
scoreboard590.png,2880,1800,scoreboard,210,177,703,368
scoreboard591.png,2880,1800,scoreboard,210,175,705,358
scoreboard592.png,2880,1800,scoreboard,203,179,707,360
scoreboard593.png,2880,1800,scoreboard,205,175,708,356
scoreboard594.png,2880,1800,scoreboard,207,175,701,362
scoreboard595.png,2880,1800,scoreboard,208,177,703,353
scoreboard596.png,2880,1800,scoreboard,208,177,708,358
scoreboard597.png,2880,1800,scoreboard,210,177,708,360
scoreboard598.png,2880,1800,scoreboard,203,175,705,353
scoreboard599.png,2880,1800,scoreboard,205,177,710,360
scoreboard6.png,1920,1080,scoreboard,1524,741,1844,989
scoreboard60.png,1920,1080,scoreboard,1520,786,1845,990
scoreboard600.png,1920,1080,scoreboard,87,50,644,147
scoreboard601.png,1920,1080,scoreboard,87,47,644,146
scoreboard602.png,1920,1080,scoreboard,89,50,644,146
scoreboard603.png,1920,1080,scoreboard,88,51,644,147
scoreboard604.png,1920,1080,scoreboard,87,50,644,145
scoreboard605.png,1920,1080,scoreboard,89,50,644,146
scoreboard606.png,1920,1080,scoreboard,88,51,642,146
scoreboard607.png,1920,1080,scoreboard,89,51,643,144
scoreboard608.png,1920,1080,scoreboard,89,45,644,149
scoreboard609.png,1920,1080,scoreboard,85,50,645,149
scoreboard61.png,1920,1080,scoreboard,1522,741,1848,990
scoreboard610.png,1920,1080,scoreboard,1553,747,1889,1001
scoreboard611.png,1920,1080,scoreboard,1550,795,1890,1005
scoreboard612.png,1920,1080,scoreboard,1552,744,1890,1001
scoreboard613.png,1920,1080,scoreboard,1550,747,1889,999
scoreboard614.png,1920,1080,scoreboard,1550,791,1890,1001
scoreboard615.png,1920,1080,scoreboard,1553,744,1889,997
scoreboard616.png,1920,1080,scoreboard,1552,747,1887,996
scoreboard617.png,1920,1080,scoreboard,1548,790,1888,999
scoreboard618.png,1920,1080,scoreboard,1552,794,1887,996
scoreboard619.png,1920,1080,scoreboard,1550,746,1889,999
scoreboard62.png,1920,1080,scoreboard,1522,741,1847,989
scoreboard63.png,1920,1080,scoreboard,1523,741,1847,989
scoreboard64.png,1920,1080,scoreboard,1522,786,1847,992
scoreboard65.png,1920,1080,scoreboard,1523,741,1845,989
scoreboard66.png,1920,1080,scoreboard,1525,742,1845,991
scoreboard67.png,1920,1080,scoreboard,1523,741,1845,990
scoreboard68.png,1920,1080,scoreboard,1523,740,1844,990
scoreboard69.png,1920,1080,scoreboard,1524,790,1845,991
scoreboard7.png,1920,1080,scoreboard,1525,785,1844,990
scoreboard70.png,1920,1080,scoreboard,1523,744,1843,991
scoreboard71.png,1920,1080,scoreboard,1522,744,1845,989
scoreboard72.png,1920,1080,scoreboard,1524,745,1844,992
scoreboard73.png,1920,1080,scoreboard,1524,787,1847,990
scoreboard74.png,1920,1080,scoreboard,1523,744,1847,991
scoreboard75.png,1920,1080,scoreboard,1519,741,1845,989
scoreboard76.png,1920,1080,scoreboard,1522,744,1845,989
scoreboard77.png,1920,1080,scoreboard,1523,744,1845,991
scoreboard78.png,1920,1080,scoreboard,1524,744,1844,990
scoreboard79.png,1920,1080,scoreboard,1523,744,1844,987
scoreboard8.png,1920,1080,scoreboard,1524,742,1843,987
scoreboard80.png,1920,1080,scoreboard,1522,787,1844,991
scoreboard81.png,1920,1080,scoreboard,1523,744,1845,986
scoreboard82.png,1920,1080,scoreboard,1524,744,1844,991
scoreboard83.png,1920,1080,scoreboard,1523,745,1844,990
scoreboard84.png,1920,1080,scoreboard,1520,746,1844,990
scoreboard85.png,1920,1080,scoreboard,1522,742,1844,989
scoreboard86.png,1920,1080,scoreboard,1522,742,1844,994
scoreboard87.png,1920,1080,scoreboard,1524,744,1847,991
scoreboard88.png,1920,1080,scoreboard,87,50,648,151
scoreboard89.png,1920,1080,scoreboard,87,47,647,149
scoreboard9.png,1920,1080,scoreboard,1524,787,1844,990
scoreboard90.png,1920,1080,scoreboard,87,50,643,146
scoreboard91.png,1920,1080,scoreboard,87,50,644,147
scoreboard92.png,1920,1080,scoreboard,88,49,644,147
scoreboard93.png,1920,1080,scoreboard,87,50,642,147
scoreboard94.png,1920,1080,scoreboard,88,50,642,146
scoreboard95.png,1920,1080,scoreboard,87,50,645,151
scoreboard96.png,1920,1080,scoreboard,85,49,645,150
scoreboard97.png,1920,1080,scoreboard,85,47,645,147
scoreboard98.png,1920,1080,scoreboard,1522,737,1844,994
scoreboard99.png,1920,1080,scoreboard,1523,745,1847,991
